Key,Type,Num
ACCCCCTGGCTCTGGAAAGACCCTCATTGCTAGAGCTGTTGCTAATGAAACAGGTGCTTTCTTCTTTCTGATTAATGGCATTATGTCA,DEL,2771
ACCCCCTGGCTCTGGAAAGACCCTCATTGCTAGAGCTGTTGCTAATGAAACAGGTGCTTTCTTCTTTCTCATTAATGGCATTATGTCA,DEL,323
ACCCCCTGGCTCTGGAAAGACCCTCATTGCTAGAGCTGTTGCTAATGAAACAGGTGCTTTCTTCTTTCGCATTAATGGCATTATGTCA,DEL,260
ACCCCCTGGCTCTGGAAAGACCCTCATTGCTAGAGCTGTTGCTAATGAAACAGGTGCTTTCTTCTTTCTGCATTAATGGCATTATGTCA,DEL,88
ACCCCCTGGCTCTGGAAAGACCCTCATTGCTAGAGCTGTTGCTAATGAAACAGGTGCTTTCTTCTGGTGCATTAATGGCATTATGTCA,DEL,76
ACCCCCTGGCTCTGGAAAGACCCTCATTGCTAGAGCTGTTGCTAATGAAACAGGTGCTTTCTTCTTTCTGATTAATGGCATTAATGGCATTATGTCA,INS,57
ACCCCCTGGCTCTGGAAAGACCCTCATTGCTAGAGCTGTTGCTAATGAAACAGGTGCTTTCTTCTTGTGCATTAATGGCATTATGTCA,DEL,32
ACCCCCTGGCTCTGGAAAGACCCTCATTGCTAGAGCTGTTGCTAATGAAACAGGTGCTTTCTTCTTGGTGCATTAATGGCATTATGTCA,DEL,26
ACCCCCTGGCTCTGGAAAGACCCTCANTGCTAGAGCTGTTGCTAATGAAACAGGTGCTTTCTTCTTTCTGATTAATGGCATTATGTCA,DEL,24
ACCCCCTGGCTCTGGAAAGACCCTCATTGCTAGAGCTGTTGCTAATGAAACAGGTGCTTTCTTCTTTCTGGTGCATTAATGGCATTATGTCA,DEL,24
ACCCCCTGGCTCTGGAAAGACCCTCATTGCTAGAGCTGTTGCTAATGAAACAGGTGCTTTCTTCCTTTTGCATTAATGGCATTATGTCA,DEL,22
ACCCCCTGGCTCTGGAAAGACCCTCATTGCTAGAGCTGTTGCTAATGAAACAGGTGCTTTCTTCTTTCTGATTAATGGTGCATTAATGGCATTATGTCA,INS,19
ACCCCCTGGCTCTGGAAAGACCCTCATTGCTAGAGCTGTTGCTAATGAAACAGGTGCTTTCTTCTTTTTGACATTAATGGCATTATGTCA,DEL,18
ACCCCCTGGCTCTGGAAAGACCCTCATTGCTAGAGCTGTTGCTAATGAAACAGGTGCTTTCTTCTTTCTGATTAATGGCCTTATGTCA,DEL,17
ACCCCCTGGCTCTGGAAAGACCCTCATTGCTAGAGCTGTTGCTAATGAAACAGGTGCTTTCTTCTTTCTGATTAATGGCATNATGTCA,DEL,15
ACCCCCTGGCTCTGGAAAGACCCTCATTGCTAGAGCTGTTGCTAATGAAACAGGTGCTTTCTTCTTTCTGATTAATGGCATTATGTCN,DEL,14
ACCCCCTGGCTCTGGAAAGACCCTCATTGCTAGAGCTGTTGCTAATGAAACTGGTGCTTTCTTCTTTCTGATTAATGGCATTATGTCA,DEL,13
ACCCCCTGGCTCTGGAAAGACCCTCATTGCTAGAGCTGTTGCTAATGAAACAGGTGCTTTCTTCTTTCTTATAATTAATGGCATTATGTCA,DEL,13
ACCCCCTGGCTCTGGAAAGACCCTCATTGCTAGAGCTGTTGCTAATGAAACAGGTGCTTTCTTCTTTCTGATTAATGGCCCGGAGATGTCA,DEL,11
ACCCCCTGGCTCTGGAAAGACCCTCATTGCTAGAGCTGTTGCTAATGAAACAGGTGCTTTCTCCTTTCGCATTAATGGCATTATGTCA,DEL,11
ACCCCCNGGCTCTGGAAAGACCCTCATTGCTAGAGCTGTTGCTAATGAAACAGGTGCTTTCTTCTTTCTGATTAATGGCATTATGTCA,DEL,11
ACCCCCTGGCTCTGGAAAGACCCTCATTGCTAGAGCTGTTGCTAATGAAACAGGTGCTTTCTTCTTTCTGATTAATGGCCCGGAGACATTAATGGCATTATGTCA,INS,11
ACCCCCTGGCTCTGGAAAGACCCTCATTGCTAGAGCTGTTGCTAATGAAACAGGTGCTTTCTTTTTTTTTGACATTAATGGCATTATGTCA,DEL,10
ACCCCCTGGCTCTGGAAAGACCCTCATTGCTAGAGCTGTTGCTAATGAAACAGGTGCTTTCTTCTTTCTGATTAATGGCANTATGTCA,DEL,9
ACCCCCTGGCTCTGGAAAGACCCTCATTGCTAGAGCTGTTGCTAATGAAACAGGTGCTTTCTTCTTACTGCATTAATGGCATTATGTCA,DEL,9
ACCCCCTGGCTCTGGAAAGACCCTCATTNCTAGAGCTGTTGCTAATGAAACAGGTGCTTTCTTCTTTCTGATTAATGGCATTATGTCA,DEL,8
ACCCCCTGGCTCTGGAAAGACCCTCATTGCTAGAGCTGTTGCTAATGAAACAGGTGCTTTCTTCTTTCTGATTCATTAATGGCATTATGTCA,DEL,8
ACCCCCTGGCTCTGGAAAGACCCTCATTGCTAGAGCTGTTGCTAATGAAACAGGTGCTTTCTNCTTTCTGATTAATGGCATTATGTCA,DEL,8
ACCCCCTGGCTCTGGAAAGACCCTCATTGCTAGAGCTGTTGCTAATGAAACAGGTGCTTCCTTCAGTCGGTGCATTAATGGCATTATGTCA,DEL,8
ACCCCCTGGCTCTGGAAAGACCCTCATTGCTAGAGCTGTTGCTAATGAAACAGGTGCTTTCTTCTTTCTCATTAATGGCCCGGAGATGTCA,DEL,8
ACCCCCTGGCTCTGGAAAGACCCNCATTGCTAGAGCTGTTGCTAATGAAACAGGTGCTTTCTTCTTTCTGATTAATGGCATTATGTCA,DEL,7
ACCCCCTGGCTCTGGAAAGACCCTCATTGCTAGAGCTGTTGCTAATGAAACAGGTGCTTTCTTCTTTCTGATTAATGATTAATGGCATTATGTCA,INS,7
ACCCCCTGGCTCTGGAAAGACCCTCATTGCTAGAGCTGTTGCTAATGAAACAGGTGCTTTCTTCTCGGTGCATTAATGGCATTATGTCA,DEL,7
ACCCCCTGGCTCTGGAAAGACCCTCATTGCTAGAGCTGTTGCTAATGAAACAGGTGCTTTCTTCTCGGTGCATTAATGGCCCGGAGATTATGTCA,INS,7
ACCCCCTGGCTCTGGAAAGACCCTCATTGCTAGAGCTGTTGCTAATGAAACAGGTGCTTTCTTCTTACGCATTAATGGCATTATGTCA,DEL,7
ACCCCCTGGCTCTGGAAAGACCCTCATTGCTAGAGCTGTTGCTAATGAAACAGGTGCTTTCTTCTTTCTGATTAATGGCATTATNTCA,DEL,7
ACCCCCTGGCTCTGGAAAGACCCTCATTGCTAGAGCTGTTGCTAATGAAACAGGTGCTTTCTTCTNTCTGATTAATGGCATTATGTCA,DEL,6
ACACCCTGGCTCTGGAAAGACCCTCATTGCTAGAGCTGTTGCTAATGAAACAGGTGCTTTCTTCTTTCTGATTAATGGCATTATGTCA,DEL,6
ACCCCCTGGCTCTGGAAAGACCCTCATTGCTAGAGCTGTTGCTAATGAAACAGGTGCTTTCTTCTTTCTGATTAATGGNATTATGTCA,DEL,6
ACCCCCTGGCTCTGGAAAGACCCTCATTGCTAGAGCTGTTGCTAATGAAACAGGTGCTTTCTTCTTTCTGATTAATNGCATTATGTCA,DEL,6
ACCCCCTGGCTCTGGAAAGACCCTCATTGCTAGAGCTGTTGCTAATGAAACAGGTGCTTTCTTCTTTCTGATTAATGGCCCGGAGGCATTAATGGCATTATGTCA,INS,6
ACCCCCTGGCTCTGGAAAGACCCTCATTGCTAGAGCTGTTGCTAATGAAACAGGTGCTTTCTTCCTGGTGCATTAATGGCATTATGTCA,DEL,6
ACCCCCTGGCTCTGGAAAGACCCTCATTGCTAGAGCTGTTGCTAATGAAACAGGTGCTTTCTTCTTTCTGATTAATGNCATTATGTCA,DEL,6
ACCCCCTGGCTCTGGAAAGACCCTCATTGCTAGAGCTGTTGCTAATGAAACAGGTGCTTTNTTCTTTCTGATTAATGGCATTATGTCA,DEL,5
ACCCCCTGGCTCTGGAAAGACCCTCATTGCTAGAGCTGTTGCTAATGAAACANGTGCTTTCTTCTTTCTGATTAATGGCATTATGTCA,DEL,5
ACCCCCTGGAGCCGAGTCGGTGCATTAATGGCATTATGTCA,DEL,5
ACCCCCTGGCTCTGGAAAGACCCTCATTGCTAGAGCTGTTGCTAATGAAACNGGTGCTTTCTTCTTTCTGATTAATGGCATTATGTCA,DEL,5
ACCCCCTGGCTCTGGAAAGACCCTCATTGCTAGAGCTGTTGCTAATGAAACAGNTGCTTTCTTCTTTCTGATTAATGGCATTATGTCA,DEL,5
ACCCCCTGGCTCTGGAAAGACCCTCATTGCTAGAGCTGTTGCTAATGAAACAGGTGCTTTCTTCTTTCTGATTAATTGCATTAATGGCATTATGTCA,INS,5
ACCCCCTGGCTCTGGAAAGACCCTCATTGCTAGAGCTGTTGCTAATGAAACAGGTGCTTTCTTCTTTCTGATTAATGGCCCGGAGGGTGCATTAATGGCATTATGTCA,INS,5
ACCCCCTGGCTCTGGAAAGACCCTCATTGCTAGAGCTGTTGCTAATGAAACAGGTGCTTTCTTCTTTCTGATTAATGGCATTANGTCA,DEL,5
ACCCCCTGGCTCTGGAAAGACCCTCATTGCTAGAGCTGTTGCTAATGAAACAGGTGCTTTCTTCTTTCACATTAATGGCATTATGTCA,DEL,5
ACCCCCTGGCTCTGGAAAGACCCTCATTGCTAGAGCTGTTGCTAATGAAACAGGTGCTTTCTTCTTTCTGATTGCATTAATGGCATTATGTCA,DEL,5
ACCCCCTGGCTCTGGAAAGACCCTCATTGCTAGAGCTGTTGCNAATGAAACAGGTGCTTTCTTCTTTCTGATTAATGGCATTATGTCA,DEL,4
ACCCCCTGGCTCTGGAAAGACCCTCATTGCTAGAGCTGTTGCTAATGAAACAGGTGCTTTCTTCTTTCTGATTAATGGCCCGGAGATTAATGGCATTATGTCA,INS,4
ACCCCCTGGCTCTGGAAAGACCCTCATTGCTAGAGCTGTTGCTAATGAAACAGGTGCTTTCTTCTTTCTGATTAANGGCATTATGTCA,DEL,4
ACCCCCTGGCTCTGGAAAGACCCTCATTGCTAGAGCTGTTGCTAANGAAACAGGTGCTTTCTTCTTTCTGATTAATGGCATTATGTCA,DEL,4
ACCCCCTGGCTCTGGAAAGACCCTCATTGCNAGAGCTGTTGCTAATGAAACAGGTGCTTTCTTCTTTCTGATTAATGGCATTATGTCA,DEL,4
ACCCCCTGGCTCTGGAAAGACCCTCATTGCTAGAGCTGTTGCTAATGAAACAGGTGCTTTCTTCTTTNTGATTAATGGCATTATGTCA,DEL,4
ACCCCCTGGCTCTGGAAAGACCCTCATNGCTAGAGCTGTTGCTAATGAAACAGGTGCTTTCTTCTTTCTGATTAATGGCATTATGTCA,DEL,4
ACCCCCTGACTCTGGAAAGACCCTCATTGCTAGAGCTGTTGCTAATGAAACAGGTGCTTTCTTCTTTCTGATTAATGGCATTATGTCA,DEL,4
ACCCCCTGGCTCTGGAAAGACCCTCATTGCTAGAGCTGTTGNTAATGAAACAGGTGCTTTCTTCTTTCTGATTAATGGCATTATGTCA,DEL,3
ACCCCCTGGCTCTGGAAAGACCCTCATTNCTAGAGCTGTTGCTAATGAAACAGGTGCTTTCTTCTTTCTCATTAATGGCATTATGTCA,DEL,3
ACCCCCTGGCTCTNGAAAGACCCTCATTGCTAGAGCTGTTGCTAATGAAACAGGTGCTTTCTTCTTTCTGATTAATGGCATTATGTCA,DEL,3
ACCCCCTGGCTCTGGAAAGACCCTCATTGCTAGAGCTGTTGCTAATGAAACAGGTGCTTTCTTCTTTCTCATTAATGGCATTANGTCA,DEL,3
ACCCCCTGGCTCTGGAAAGACCCTCATTGCTAGAGCTGTTGCTAATGAAACAGGTGCTTTCTTCTTTGTGATTAATGGCATTATGTCA,DEL,3
ACCCCCTGGCTTTGGAAAGACCCTCATTGCTAGAGCTGTTGCTAATGAAACAGGTGCTTTCTTCTTTCTGATTAATGGCATTATGTCA,DEL,3
ACCCCCTGGCTCTGGAAAGACCCTCATTGCTAGAGCTGNTGCTAATGAAACAGGTGCTTTCTTCTTTCTGATTAATGGCATTATGTCA,DEL,3
ACCCCCTGGCTCTGGAAAGACNCTCATTGCTAGAGCTGTTGCTAATGAAACAGGTGCTTTCTTCTTTCTGATTAATGGCATTATGTCA,DEL,3
ACCCCCTGGCTCTGGAAAGACCCTCATTGNTAGAGCTGTTGCTAATGAAACAGGTGCTTTCTTCTTTCTGATTAATGGCATTATGTCA,DEL,3
ACCCCCTGGCTCTGGAAAGACCCTCATTGCTAGAGNTGTTGCTAATGAAACAGGTGCTTTCTTCTTTCTGATTAATGGCATTATGTCA,DEL,3
ACCCCCTGGCTCTGGAAAGACCCTCATTGCTAGAGCTGTTGCTAATGAAACAGGTGCTTTCTTCCTTCTGCATTAATGGCATTATGTCA,DEL,3
ACCCCCTGGCTCTGGAAAGACCCTCATTGCTAGAGCTGTTGCTAATGAAACAGGTGCTTTCTTCTTTCTGATTAATGTGCATTAATGGCATTATGTCA,INS,3
ACCCCCTGGCTCTGGAAAGACCCTCATTGCTAGAGCTGTTGCTAATGAAACAGGTGCTTTCTTCTTTCTGATTAATGGCATTNTGTCA,DEL,3
ACCCCCTGGCTCTGGAAAGACCCTCATTGCTAGAGCTGTTGCTAATGAAACAGGTGCTTTCTTCTTTCTGATTAATGGCCCGGAGANCA,DEL,3
ACCCCCTGGCTCTGGAAAGACCCTCATTGCTNGAGCTGTTGCTAATGAAACAGGTGCTTTCTTCTTTCTGATTAATGGCATTATGTCA,DEL,3
ACCCCCTGGCTCTGGAAAGACCCTCATTGCTAGAGCTGTTGCTAATGAAACAGGTGCTTTCTTCTTTCGCATTAATGNCATTATGTCA,DEL,3
ACCCCCTGNCTCTGGAAAGACCCTCATTGCTAGAGCTGTTGCTAATGAAACAGGTGCTTTCTTCTTTCTGATTAATGGCATTATGTCA,DEL,2
ACCCCCTGGCTCTGGAAAGACCCTCATTGCNAGAGCTGTTGCTAATGAAACAGGTGCTTTCTTCTTTCGCATTAATGGCATTATGTCA,DEL,2
ACCCCCTTGCTCTGGAAAGACCCTCATTGCTAGAGCTGTTGCTAATGAAACAGGTGCTTTCTTCTTTCTGATTAATGGCATTATGTCA,DEL,2
ACCCCCTGGCTCTGGAAAGACCCTCATTGCTAGAGCTGTTGCTAATGAAACAGGTGCTTTCTTCTTTCTGATTAATGGCCCGGAGATCA,DEL,2
ACCCCCTGGCTCTGGAAAGACCCTCNTTGCTAGAGCTGTTGCTAATGAAACAGGTGCTTTCTTCTTTCTGATTAATGGCATTATGTCA,DEL,2
ACCCCCTGGCTCTGGAAAGACCCTCATTGCTAGNGCTGTTGCTAATGAAACAGGTGCTTTCTTCTTTCTGATTAATGGCATTATGTCA,DEL,2
ACCCCCTGGCTCTGGAAAGACCCTCATTGCTAGAGCTGTTGCTAATGAAACAGGTGCTTTCTTCNTTCTGATTAATGGCATTATGTCA,DEL,2
ACCCCCTGGCTCTGGAAAGACCCTCATTGCTAGAGCTGTTGCTAATGAANCAGGTGCTTTCTTCTTTCTGATTAATGGCATTATGTCA,DEL,2
ACCCCCTGGCTCTGGAAAGACCCTCATTGCTAGAGCTNTTGCTAATGAAACAGGTGCTTTCTTCTTTCTGATTAATGGCATTATGTCA,DEL,2
GCCCCCTGGCTCTGGAAAGACCCTCATTGCTAGAGCTGTTGCTAATGAAACAGGTGCTTTCTTCTTTCTGATTAATGGCATTATGTCA,DEL,2
ACCCCCTGGCTCTGGAAAGACCCTCANTGCTAGAGCTGTTGCTAATGAAACAGGTGCTTTCTTCTTGGTGCATTAATGGCATTATGTCA,DEL,2
ACCCCCTGGCTCTGGAAAGACCCTCATTGCTAGAGCTGTTGCTAATGAAANAGGTGCTTTCTTCTTTCTGATTAATGGCATTATGTCA,DEL,2
ACCCCCTGGCTCTGGAAAGACCCTCATTGCTAGAGCTGTTGCTAATGAAACAGGTGCTTTCTTCTTTNGCATTAATGGCATTATGTCA,DEL,2
ACCCCCTGGCTCTGGAAAGACCCTCANTGCTAGAGCTGTTGCTAATGAAACAGGTGCTTTCTTCTTTCTGCATTAATGGCATTATGTCA,DEL,2
ACCCCCTGGCTCTGGAAAGACCCTCATTGCTAGAGCTGTTGCTAATGAAACAGGTGCTTTCTTCTTTCTGATTTCTGGTGCATTAATGGCATTATGTCA,INS,2
ACCCCCTGGCTCTGGAAAGACCCTCATTGCTAGAGCTGTNGCTAATGAAACAGGTGCTTTCTTCTTTCGCATTAATGGCATTATGTCA,DEL,2
ACCCCCTGGCTCTGGAAAGACCCTCATTGCTAGAGCTGTTGCTAATGAAACAGGTGNTTTCTTCTTTCTGATTAATGGCATTATGTCA,DEL,2
ACNCCCTGGCTCTGGAAAGACCCTCATTGCTAGAGCTGTTGCTAATGAAACAGGTGCTTTCTTCTTTCTGATTAATGGCATTAATGGCATTATGTCA,INS,2
ACCCCCTGGCTCTGGAAAGACCCTCATTGCTAGAGCTGTTGCTAATGAAACAGGTGCTTTCTTCTTTCTGATTAATGGCATTATGTNA,DEL,2
ACCCCCTGGCTCTGGAAAGACCCTCATTGCTAGAGCTGTTGCTAATGAAACAGGTGCTTTCTTCTTTCNGATTAATGGCATTATGTCA,DEL,2
ACCNCCTGGCTCTGGAAAGACCCTCATTGCTAGAGCTGTTGCTAATGAAACAGGTGCTTTCTTCTTTCTGATTAATGGCATTATGTCA,DEL,2
ACCCCCTGGCTCTGGAAAGACCCTCATTGCTAGAGCTGTTGCTAATGAAACAGGTGCTTTCTTCTTTCTCATTAATGGCATTATNTCA,DEL,2
ACCCCCTGGCTCTGGANAGACCCTCATTGCTAGAGCTGTTGCTAATGAAACAGGTGCTTTCTTCTTTCTGATTAATGGCATTATGTCA,DEL,2
ACCCCCTGGCTCTGGAAAGACCCTCANTGCTAGAGCTGTTGCTAATGAAACAGGTGCTTTCTTCTTTCTCATTAATGGCATTATGTCA,DEL,2
ACCCCCTGGCTCTGGAAAGACCCTCATTGCTAGAGCTGTNGCTAATGAAACAGGTGCTTTCTTCTTTCTGATTAATGGCATTATGTCA,DEL,2
ACCCCCTGGCTCTGGAAAGACCCTCATTGCTAGAGCTGTTGCTAATGAAACAGGTGCTTTCTTCTTTCGCATTAATGGCATTATGTCN,DEL,2
ACCCCCTGGCTCTGGAAAGACCCTCATTGCTAGAGCTGTTGCTNATGAAACAGGTGCTTTCTTCTTTCTGATTAATGGCATTATGTCA,DEL,2
ACCCCCTNGCTCTGGAAAGACCCTCATTGCTAGAGCTGTTGCTAATGAAACAGGTGCTTTCTTCTTTCTGATTAATGGCATTATGTCA,DEL,2
ACCCCCTGGCTCTGGAAAGACCCTCATTGCTAGAGCTGTTGCTAATGAAACAGGTGCTTTCTTCTTTCTGATTAATTAATGGCATTATGTCA,DEL,2
ACCCCCTGGCTCTGGAAAGACCCTCATTGCTAGAGCTGTTGCTAATGAAACAGGTGCTTTCTTCTTTCGCATTAATGGCATNATGTCA,DEL,2
ACCCCCTGGCTCTGGAAAGACCCTCATTGCTAGAGCTGTTGCTAATGAAACAGGTNCTTTCTTCTTTCTCATTAATGGCATTATGTCA,DEL,2
ACCCCCTGGCTCTGGAAAGACCCTCATTGCTAGAGCTGTTGCTAATNAAACAGGTGCTTTCTTCTTTCTGATTAATGGCATTATGTCA,DEL,2
ACCCCCTGGCTCTGGAAAGACCCTCATTGCTAGAGCTGTTGCTAATGAAACAGGNGCTTTCTTCTTTCGCATTAATGGCATTATGTCA,DEL,2
ACCCCCTGGCTCTGGAAAGACCCTCANTGCTAGAGCTGTTGCTAATGAAACAGGTGCTTTCTTCTTTCGCATTAATGGCATTATGTCA,DEL,2
ACCCCCTGGCTCTGGAAAGACCATCATTGCTAGAGCTGTTGCTAATGAAACAGGTGCTTTCTTCTTTCTGATTAATGGCATTATGTCA,DEL,2
ACCCCCTGGCTCTGGAAAGACCCTCATTGCTAGAGCTGTTGCTAATGAAACAGGTGCTTTCTTNTTTCTGATTAATGGCATTATGTCA,DEL,2
ACCCCCTGGCTCTGGAAAGACCCTCATTGCTAGAGCTGTTGCTAATGAAACAGNTGCTTTCTTCTTTCGCATTAATGGCATTATGTCA,DEL,2
ACCCCCTGGCTCTGGAAAGACCCTCATTGCTAGNGCTGTTGCTAATGAAACAGGTGCTTTCTTCTGGTGCATTAATGGCATTATGTCA,DEL,2
ACCCCCTGGCTCTGGAAAGACCCTCATTGCTAGAGCTGTTGCTAATGAAACAGGTGCTTTCTTCTTTCTGATTAATGGCNTTATGTCA,DEL,2
ACCCCCTGGCTCTGGNAAGACCCTCATTGCTAGAGCTGTTGCTAATGAAACAGGTGCTTTCTTCTTTCTGATTAATGGCATTATGTCA,DEL,2
ACCCCCTGGCTCTGGAAAGACCCTCATTGCTAGAGCTGTTGCTAATNAAACAGGTGCTTTCTTCTTTCTGATTAATNGCATTATGTCA,DEL,2
ACCCCCTGGCTCTGGAAAGACCCTCATTGCTAGAGCTGTTGCTAATGAAACAGGTGCTTTCTTCTTTCTGATTAATGGCCCGGAGTGGCACCGAGTCGGTGCATTAATGGCATTATGTCA,INS,2
ACCCCCTGGCTCTGGAAAGACCCTCATTGCTAGAGCTGTTGCTAATGAAACAGGTGCTTTCTTCTTTCGCATTAATGGCATTANGTCN,DEL,1
ACCCCCTGGCTNTGGAAAGACCCTCATTGCTAGAGCTGTTGCTAATGAAACAGGTGCTTTCTTCTTTCTGATTAATGGCCCGGAGACATTAATGGCATTATGTCA,INS,1
ACCCCCTGGCTCTGGAAAGACCCTCATTGCTAGAGCTGTTGCTAATGAANCAGGTGCTTTCTTCTTTCACATTAATGGCATTATGTCA,DEL,1
ACCCCCTGGCTCTNGAAAGACCCTCATTGCTAGAGCTGTTGCTAATGAAACAGGTGCTTTCTTCTTTCTGATTAATGGCNTTATGTCA,DEL,1
ACCCCCTGGCTCTGGAAAGACCCTCANTGCTAGAGCTGTTGCTAATGAAACAGGTGCTTTCTTCTTTCTTATAATTAATGGCATTATGTCA,DEL,1
ACCCCCTGGCTCTGGAAAGACCCTCATTGCTAGAGCTGTTGCTAATGAAANAGGTGCTTTCTTCTTTCGCATTAATGGCATTATGTCA,DEL,1
ACCCCCTGGCTCTGGAANGACCCTCATTGCTAGAGCTGTTGCTAATGAAACAGGTGCTTTCTTCCTTTTGCATTAATGGCATTATGTCA,DEL,1
ACCCCCTGGCTCTGGAAAGACCCTCATTGCTAGAGCTGTTGCTAATGAAACAGGTGCTTTCTTCCTTTTGCATTAATGGCCCGGAGATTATGTCA,INS,1
ACCCCCTGGCTCTGGAAAGACCCTCATTGCTAGAGCTGTTGCTAATGAAACAGGTGCTTTCTTCTTTCTCATTAANGGCATTATGTCA,DEL,1
ACCCCCTGGCTCTGGAAAGACCCTCATTGCTAGAGCTGTTGNTAATGAAACAGGTNCTTTCTTCTTTCTGATTAATGGCATTATGTCA,DEL,1
ACCCCCTNGCTCTGGAAAGACCCTCATTGCTAGAGCTGTTGCTAATGAAACAGGTNCTTTCTTCTTTCTGATTAATGGCATTATGTCA,DEL,1
ACCCCCTGGCTCTGGAAAGACCCTCATTGCTAGAGCTGTTGCTAATGAAACAGGTGCTTTCTTNTTTCTCATTAATGGCATTATGTCA,DEL,1
ACCCCCTGGCTCTGGAAAGACCCTCATTGCTAGAGCTGTTGCTAATGAAACAGGTGCTTTCTTCTTTCTNATNAATGGCATTATGTCA,DEL,1
ACCCCCTGGCTCTGGAAAGACNCTCATTGCTAGAGCTGTTGCTAATGAAACAGGTGNTTTCTTCTTTNTGATTAATGGCATTATNTCA,DEL,1
ACCCCCTGGCTCTGGAAAGACCCTCATTGCTAGAGCTGTTGCTAATGAAACAGGTGCTTTCTTCCTTTTGCATTAATGGCATTATGTAA,DEL,1
ACCCCCTGGCTATGGAAAGACCCTCATTGCTAGAGCTGTTGCTAATGAAACAGGTGCTTTCTTCTTTCTGATTAATGGCATTATGTCA,DEL,1
ACCCCCTGGCTCAGGAAAGACCCTCATTGCTAGAGCTGTTGCTAATGAAACAGGTGCTTTCTTCTTTCTGATTAATGGCATTATGTCA,DEL,1
ACCCCCTGGCTCTGGAAAGACCCTCATTGCTAGAGCTGTTGCTAATGAAACAGGTGCTTTCTTCTTTCTGATTCATTAATGGCCCGGAGATTATGTCA,INS,1
ACCCCCTGGCTCTGGAAAGACCCTCATTGCTAGAGCTGTTGCTAATGAAACGGGTGCTTTCTTCTTTCTGATTAATGGCATTATGTCA,DEL,1
ACCCCCTGGCTCNNGAAAGACCCTCATTGCTAGAGCTGTTGCTAATGAAACAGGTGCTTTCTTCTTTCTGATTAATGGCATTATGTCA,DEL,1
ACCCCCNGGCTCTGGAAAGACCCTCATTGCTAGAGCTGTTGCTAATGAAACAGGTGCTTTCTTCTTTCTGATTAATGGCCCGGAGAAAAGTGGCACCGAGTCGGTGCATTAATGGCATTANGNCA,INS,1
ACCCCCTGGCTCTGGAAANACCCTCATTGCTAGAGCTGTTGCTAATGAANCAGGTGCTTTCTTCTTTCTCATTAATNGCATTATGNCA,DEL,1
ACCCCCTGGCTCTGGAAAGACCNTCATTNCTAGAGCTGTTGCTAATGAAACANGTGCTTTCTTCTNTCTGATNAATNGCATTATGTCA,DEL,1
ACCCCCTGGCTCTGGAAAGACCCTCATTGCTAGAGCTGTTGCTAATGAANCAGNTNCTTTCTTCTGGTGCATTAATGGCATTATGTCA,DEL,1
ACCCCCTGGCTCTGGAAAGACCCTCATTGCTAGAGCTGTTGCTAATGAAACANGTGCTTTCTTCTTTCTGATTAATGGCATTATNTCA,DEL,1
ACCCCCTGGCTCTGGAAAGACCCTCATTGCTAGAGCTGTTGCTAATGAAACAGGTGCTTNCTTCTTTCGCATTAATGGCATTATGTCA,DEL,1
ACCCCCNGGCTCTGGAAAGACCCTCATTGCTAGAGCTGTTGCTAATGAAACAGGTGCTTTCTTCTTGGTGCATTAATGGCATTATGTCA,DEL,1
ACCCCCTGGCTCTGGAAAGACCCTCATTGCTAGAGCTGTTGCTAATGAAACAGGTGCTTTCTTCTTTCTGCATTAATGNCATTATGTCA,DEL,1
ACCCCCTGGCTCTGGAAGGACCCTCATTGCTAGAGCTGTTGCTAATGAAACAGGTGCTTTCTTCTTTCTCATTAATGGCATTATGTCA,DEL,1
ACCCCCTGGCTCTGGAAAGACCCTCATTGCTAGAGCTNTTGCTAATGAAACAGGTGCTTTCTTCTTTCTGATTAATNGCATTATGTCA,DEL,1
ACCCCCTGGCNCTGGAAAGACCCTCANTGCTAGAGCTGTTGCTAATGAAACAGGTGCTTTCTTCTTTCGCATTAATGGCATTATGTCA,DEL,1
ACCCCCTGGCTCTGGAAAGACCCTCATTGCTAGAGCTGTTGCTAATGAAACAGGTGCTTTCNTCTTTCTGATTAATGGCATTATGTCN,DEL,1
ACCCCCTGGCTCTGGAAAGACCCTCATTGCTAGAGCTGTTGCTAATGAAACAGGTGCTTTCTTCTGGTGCATTAATGNCATTATGTCA,DEL,1
ACCCCCTGGCTCTGGAAAGACCCTCATTGCTAGAGCTGTTGCTAATGAAACAGGTGCTTTCTTCNTTCTCATTAATGGCATTATGTCN,DEL,1
ACCCCCTGGCTCTGGAAAGACCCTCATTGCTANAGCTGTTGCTAATGAAANAGGTNCTTTCTTNTTTNTGATTAATNGCATTATGTCA,DEL,1
ACCCCCTGGCTCTGGAAAGACCCTCATTGCTAGAGCTGTTGCTAATGAAACAGGTGCTTTCTTCTTTCTGATTNATGGCATTATGTCA,DEL,1
ACCCCCTGGCTCTGGAAAGACCCTCATTGCTAGAGCTGTTGCTAATGAAACAGGTGCTTTCTTCTTTCTCATTAATGGCANTATGTCA,DEL,1
ACCCCCTGGCTCTGGAAAGACCCTCATTGCTAGAGCTGTTGCTAATGAAACAGGTNCTTTCTTCTTTNTGATTAATGGCCCGGAGANTAATGGCATTATGTCA,INS,1
ACCCCCTGGCTCTGGANAGACCCTCANTNCTAGAGCTGNTGCTAATGAAACAGGTGNTTTCTTCNTTCTGATTAATNGCNTTATGTCA,DEL,1
ACCCCCTGGCTCTGGAAAGACCCTCATTNCTAGAGCTGTTGCTAATGANACAGGTGCTNTCTTCTTTCTGATTAATGGCATTATGTCA,DEL,1
ACCCCCTNGCTCTGGAAAGACCCTCATTGCTAGAGCTGTTGCTAATGAAACAGGTGCTTTCTTCTTGGTGCATTAATGGCATTATGTCA,DEL,1
ACCCCCTGGCTCTGGAAAGACCCTCATTGCTAGAGCTGTTGCTAATGAAACAGGTGNTTTCTTCTTTCTGATTAATGGCATNATGTCA,DEL,1
ACCCCCTGGCTCTNGAAAGACCCTCATTGCTAGAGCTGTTGCTAATGAAACAGGTGCTTTCTTCTTTCGCATTAATGGCATTATGTCA,DEL,1
ACCCNCTGGCTCTGGAAAGACCCTCATTGNTAGAGCTGTTGCTAATGAAACAGGTGCTTTCTTNTTTCTGATTAATGGCATTATGTCA,DEL,1
ACCCCCTGGCTCTGGAAAGACCCTCATTGCTAGAGCTGTTGCTAATNAAACAGGTGCTTTCTTCTTTNTGATTAATGGCATTATGTCA,DEL,1
ACCCCCTGGCTCTGGAAAGACCCTCATTGCTAGAGCTGTTGNTAATGAAACAGGTGCTTTCTTCTTTCTGATTAATGNCATTATGTCA,DEL,1
ACCCCCTNGCTCTGGAAAGACCCTCATTGCTAGAGCTGTTGCTAATGAAACAGGTGCTTTCTTCTTTCTGATTAATNGCATTATGTCA,DEL,1
ACCCACTGGCTCTGGAAAGACCCTCATTGCTAGAGCTGTTGCTAATGAAACAGGTGCTTTCTTCTTTCGCATTAATGGCATTATGTCA,DEL,1
ACCCCCTGGCTCTNGAAAGACCCTCATTGCTAGANCTGTTGCTAATGAAACAGGTNCTTTCTTCTTTCTGATTAATGGCATTATGTCA,DEL,1
ACCCCCTGGCTCTGGAAAGACCCTCATTGCTAGAGCTGTTGCTAATGAAACAGGTGCTTTCTTCTTTCTGATNAATGGCCCGGAGACATTAATGGCATTATGTCA,INS,1
ACCCCCTGGCTCTGGAAAGACCCTCATTGCTNGAGCTGTTGCTAATGAAACAGGTGCNTTCTTCTTTCTGATTAATGGCATTATGTCA,DEL,1
ACCCCCTNGCTCTGGAAAGACNCTCATTGCTANAGCTGTTGCTAATGNAACAGGTGCTTTCTTCTTTCTGATTAATGNCATTATGTCA,DEL,1
ACCCCCTGGCTCTGGAAAGACCCTCATTGCTAGAGCTGTGCTAATGAAACAGGTGCTTTCTTTTTTTTTGACATTAATGGCATTATGTCA,DEL,1
ACCCCCTGGCTCTGGAAAGACCCTCATTGCTAGAGCTGTTGCTAATGAAACAGGTGCTTTCTTCTTTCTGCATTAATGGCATNATGTCA,DEL,1
ACCCCCTGGCTCTGGAAAGACCCTCNTTGCTAGAGCTGTTGCTAATGAAACAGGTGCTTTCTTCTTTNTGATTAATGGCATTATGTCA,DEL,1
ACCCCCTNGCTCTGGAAAGACCCTCATTGCTAGAGCTGTTGCTAATGAAACAGGTGCTTTCTTCTTTCTGATTAATGGCCCGGAGATTAATGGNATTATGTCA,INS,1
ACCCCCTGGCTCTGGAAAGACCCTCATTGCTAGAGCTGTTGCTAATGAAACAGGTGCTTTCTTCTTTCTNATTAATGGNATTATGTCA,DEL,1
ACCCCCTGGCTCTGGAAAGACCCTCATTGNTAGAGCTGTTGCTAATGAAACAGGTGCTTTCTTCTGGTGCATTAATGGCATTATGTCA,DEL,1
ACCCCCTGGCTCTGGAAAGACCCTCATTGCTAGAGCTGTTGCTAATGAAACAGGTGCTTTCTTCTTTCTGATTAATGACATTATGTCA,DEL,1
ACCCCCTGGCTCTGGAAAGACCCTCANTGCTAGAGCTGTTGCTAATGAAACAGGTGCTTTCTTCTCTCTGATTAATGGCATTATGTCA,DEL,1
ANCCCCTNGCTNTGGAAAGACCCTCANTGCTAGAGCTGTNGNTAATGAAACAGGTGCTTTNTTCTTTCTGATTAATNGCATTATGTCA,DEL,1
ACCCCCNGGCTCTGGAAAGACCCTCATTGCTAGAGCTGTTGCTAANGAAACAGGTGCTTTCTTCNTTCTGATTAATNGCATTATGTCN,DEL,1
ACCCCCTGGCTCTGGAAAGACCCTCATTGCTAGAGCTGTTGCTAATGAAACAGGTGCNTTCTTCTTTCTGATTAATGGCATTATGTCA,DEL,1
ACCCCCTGGCTCTGGAAAGACCCTCATTNCTAGAGCTGTTGCTAATGAAACAGGTGCTTCCTTCAGTCGGTGCATTAATGGCATTATGTCA,DEL,1
ACCCCCTGGCTCTGGAAAGACCCTCATTGCTAGAGCTGTTGCTAANGAAACAGGTGCTTTCTTCTTTCGCATTAATGNCATTATGTCA,DEL,1
ACCCCCTGGCTCTGGAAAGACCCTCATTGCTAGAGCTGTTGCTAATGAAACAGGTGCTTTCTTCTTTCTGATTAATGGCCTTATNTCA,DEL,1
ACCCCCTGGCTCTGGAAAGACCCTCATTGCTAGAGCTGTTGCTAATGAAACAGGTGCTTTCNTCTTTCTGATTAATGGCATTATGTCA,DEL,1
ACCCCCTGGCTCTGGAAAGACCNTCATTGCTAGAGCTGTTGCTAATGAAACAGGTGCTTTCTTCTTTCTGATTAATGGCATTATGTCA,DEL,1
ACCCCCTGNCTCTGGAAAGACCCTCATTGCTAGAGCTGTTGCTANTGAAACAGGTGCTTTCTTCTTTCTGANTAATGGCATTATGTCA,DEL,1
ACCCCCTGGCTCTGGAAAGACCCTCATTGCTAGAGCTGTTGCTAATGANACAGGTGCTTTCTTNTTTCTGATTAATGGCATTATGTCA,DEL,1
ACCCCCTGGCTCTNGAAAGACCCTCATTGCTAGAGCTGTTGCTAATGAAACAGGTGCTTTCTTCTTTCGCATTAATGGNATTATGTCA,DEL,1
ACCCCCTGGCTCTGGAAAGACCCTCNTTGNNAGAGCTGTTGCTAATGAAACAGGTGCTTTCTTCTTTCTGATTAATGGCATTATGTCA,DEL,1
ACCNCCTGGCTCTGGAAAGACCCTCATTGCTAGAGCTGTTGCTAATGAAACAGGTGCTTTCTTCTTTCTGATTAATGGCATTANTGGCATTATGTCA,INS,1
ACCCCCTGGCTCTGGAAAGACCCTCATTGCTAGAGCTGTTGCTAATGAAACAGGTGCTTTCTTCTTTCTCATTAATGGCATNATGTCA,DEL,1
ACCCCCTGGCTCTGGAAAGACCCTCATTGCTAGAGCTGTTGCTAATGAAACAGGTGCTTTCTTCTCTCTTGCATTAATGGCATTATGTCA,DEL,1
ACCCCCTGGNNCTGGAAAGACNCTCATTGCTAGAGCTGTTGCTAATGAAACAGGTGCTTTCTTNTTTCTGATTAATGGCATTATGTCA,DEL,1
ACCCCCTGGCTCTGGAAAGACCNNCATTGCTAGAGCTGTNGCTAATGAAACAGGTGCTTTCTTCTTTCTGATTAATGGCATTATGTCA,DEL,1
ACCCCCTGGCTCTGGAAAGACCCTCATTNCTAGAGCTGTTGCTAATGAAACAGGTGCTTTCTTCTTTCTTATAATTAATGGCATTATGTCA,DEL,1
ACCCCNTGGCTCTGGAAAGACCCTCATTGCTAGAGCTGTTGCTAATGAAACAGGTGCTTTCTTCTTTCTGATTAATGGCCCGGAGAAAAGTGGCACNGAGTCGNNGCATTANTGGCATTATGTCA,INS,1
ATCCCCTGGCTCTGGAAAGACCCTCATTGCTAGAGCTGTTGCTAATGAAACAGGTGCTTTCTTCTTTCTGATTAATGGCATTATGTCA,DEL,1
ACCCCCTGGCTCTGGAAAGACCCTCATTGCNAGAGCTGTTGCTAATGAAACAGGTGCTTTCTTCTGGTGCATTAATGGCATTATGTCA,DEL,1
ACNCCCTGGCTCTGGAAAGACCCTCATTGCTAGAGCTGTTGCTAATGAAACAGGTGCTTTCTTCTTTCTGATTAATGGCATTATGTCA,DEL,1
ACCCCCTGGCTCTGGAAAGACCCTCATTGTTAGAGCTGTTGCTAANGAAACAGGTGCTTTCTTCTTTCTGATTAATGGCCCGGAGANTAATGGCATNATGTCA,INS,1
ACCCCCTGGCTCTGGAAAGACCCTCATTGNTAGAGCTGTTGCTAATGAAACAGGTNCTTTCTTCTTTNTGATTAATGGCATTATGTCA,DEL,1
ACCCCCCTGGCTCTGGAAAGACCCTCATTGCTAGAGCTNTTGCTAATNAAACAGGTGNTTTNTTCTTTNTGATTAATGGCCCGGAGATTATGTCA,INS,1
ACCCCCTNGCTCTGGAAAGANNCTCATTGCTAGAGCTNTTGCTAATGAAACAGGTGCTTTCTTNTTTNTGCATTAATGGNATTATGTCA,DEL,1
ACCCCCTGGCTCTGGANAGACCCTCNTTGCTAGAGCTGTTGCTAATNAAACAGGTGCTTTCTTCTTTCTGATTAATGGCATTATGTCA,DEL,1
ACCCCCTGGCTCTGGAAAGACCCTCATTGCTAGAGCTGTTGCTAATGAAACAGGTGCTTTATTCTTTCTGATTAATGGCATTATGTCA,DEL,1
ACCCCCTGGCTCTGGAAAGACCCTCATTGCTAGAGCTGTTGCTAATGAAACAGGTGCTTTNTTCTTTCTGCATTAATGGCATNATGTCA,DEL,1
ACCCCCTGGCTCTGGAAAGACCCTCATTGCTAGAGCTGTTGCTAATGAAACAGGTGCTTTCTTCTTNCTGANTAATGNCATTATGTCA,DEL,1
ACCCCCTGGCTCTGGAAAGACCCTCATTGCTAGAGCTGTTGCTAATGAAACAGGTGCTTTNTTCTTTCTGCATTAATGGCATTATGTCA,DEL,1
ACCCCCTGGCTCTGGAAAGACCCTCATTGCTAGAGCTNTTGCTAATGAAACAGGTGCTTTCTTCTTTCTCATTAATNGNATTATGTCA,DEL,1
ACCCCTGGCTCTGGAAAGACCCTCATTGCTAGAGCTGTTGCTAATGAAACAGGTGCTTTCTTCTTTCTGATTAATGGCCCGGAGATTANGTCA,DEL,1
ANNCCCTGGCTCTGGAAAGACCCTCATTGCTAGAGCTGTTGCTAATGAAACAGGTGCTTTCTTCTTTCTGATTAATGGCATTAATGGCATTATGTCA,INS,1
ACCCCCTGGCTCTGGAAAGACCCTCATTGCTAGAGCTGTTGCTAATNAAACAGGTGCTTTCTTCTTTCTGCATTAATGGCATTATGTCA,DEL,1
ACCCCCTGGCTCTGGAAAGACCCTCATTGCTAGAGCTGTTGCTAATGAANCAGGTGCTTTCTTCTTTCTGATTAANGGCATNATGTCA,DEL,1
ACCCCCTGGCTCTGGAAAGACCCTCATTGCTAGAGCTGTTGCTAATGAAACAGGTGCTTTCTTCTTTCTGATTAATGGCATTATGNCA,DEL,1
ACCCCCTGGCTCTGNAAAGACNCTCATTGCTAGAGCTGTTGCTAATGAAACAGGTGCTTTCTTCTTTCTCANTAATGGCATTATGTCA,DEL,1
ACCCCCTGGCTCTGGAAAGACCCTCATTGCTAGAGCTGTTGNTAATGAAACAGGTGCTTTCTTCTTTCTCATTAATGGCATTATGTCA,DEL,1
ACCCCCTGGCTCTGGAAAGACCCTCATTGCTAGAGCTGTTGCTAATGAAACAGGTNCTTTCTTCTTTCTGANTAATGNCATTATGTCA,DEL,1
ACCCCCTGGCTCTGGAAAGANCCTCATTGCTAGAGCTGTTGCTAATGAAACAGGTGCTTTCTTCTTTCTCATTAATGGCATTATGTNA,DEL,1
ACCCCCTGGCTCTGGAAAGACCCTCATTGCTAGAGCTGTTGCTAATGAAACAGGTGCTTTCTTCTTNCTGATTAATGGCATTATGTCA,DEL,1
ANNCNCTGGCNNTGGAAAGACCCTCATTGCTAGAGCTNTTGNTAATGAAACAGGTGNTTTCTTCTTTCTNATTAATGGCATNATGTCA,DEL,1
ACCCCCTGGCTCTGGAAAGACCCTCNTTGCTAGAGCTGNTGCTAATGAAACAGGTGCTTTCTTCTTTCTCATTAATGGNATTATGTCA,DEL,1
ACCCCCTGGCTCTGNAAAGACCCTCATTGCTAGAGCTGTTGCTAATGAAACAGGTGCTTTCTTCTTTCTCATTAATGGCATTATGTCA,DEL,1
ACCCCCTGGCTCTGGAAAGACCCTCATTGCTAGAGCTGTTGCTAATGAAACAGGTGCTTNCTTCTTTCTGATTAATGGCATTATGTCA,DEL,1
ACCCCCTGGCTCTGGAAAGACCCTCATTGCTAGAGCTGTTGCTAATGAAACAGGTGCTTTCTTCTTTCTGATTAATGGCCCGGAGANGTCA,DEL,1
ACCCCCTNGCTCTGGAAAGACCCTCATTGCTAGAGCTGTTGCTAATGAAANAGGTGNTTTCTTCTTTCTGATTAATGGCATTATGTCA,DEL,1
ACCCCCTGGCTCTGGAAAGACCCTCATTGCTAGAGCTGTTNCTAATGAAACAGGTGCTTTCTTCTTTCTGGTGCATTAATGGCATTATGTCA,DEL,1
ACCCNCTGGCTNTGGAAAGACCCTCATTGCTAGAGCTGTTGCTAATGAAACAGGTGCTNTCTTCTTTCTGATTAATGGCATTATGTCA,DEL,1
ACCCCCTGGCTCTGGAAAGACCCTCATTGCNAGAGCTGTTGCTAATGAAACAGGTGCTTTCTTCTTTCTCATTAATGGCATTATGTCA,DEL,1
ACCCCCTGGCTCTGGAAAGACCCTCATTGCTAGAGCTGTTGCTAATGAAACAGGTGCTTTCTTCTTTCTGACTAATGGCATTATGTCA,DEL,1
ACCCCCTGGCTCTGGAAAGACCCTCATTGCTAGAGCTGTTGCTAATGAAACAGNTGCTTTCTTNTTTCTGATTAATGGCATTATGTCA,DEL,1
ACCCCCTGGCTCTGGAAAGACNCTCATTGCTAGAGCTGTTGCTAATGAAACAGGTGCTTTCTTCTTTCTGATTAATGGCCCGGAGAAAAGTGGCACCGAGTCGGTGCANTAATGGCATTANGTCA,INS,1
ACCCCCNGGCTCTGGAAAGACCCTCATTNCTAGAGCTGTTGCTAATGAAACANGTGCTTTCTTCTTTCTGATTAATGGCATTATGTCA,DEL,1
ACCCCNTGGCTCTGGAAAGACCCTCATTGCTAGAGCTGTTGCTAATGAAACAGGTGCTTTCTTCTTTCTGATTAATGGCATTATGTCA,DEL,1
ACCCCCTGGNTCTGGAAAGACCCNCATTGCTAGAGNTGTTGCTAATNNAACAGGTGCTTTCTTCTTTCTGATTAATGGNATTATNTCA,DEL,1
ACCCCCTGGCTCTGGAAAGACCCTCATTGCTAGAGCTGTTGCTAATGAAACAGGTGCTTTCTTCTTTCTGATTAATGGCCCGGAGGGTGCATTAATGGCATTNTGTCA,INS,1
ACCCCCTGGCTCTAGAAAGACCCTCATTGCTAGAGCTGTTGCTAATGAAACAGGTGCTTTCTTCTTTCTGATTAATGGCATTATGTCA,DEL,1
ACCCCCTGGCTCTGGAAAGACCCTCATTGCTAGAGCTGTTGCTAATGAAACANGTGCTTTCTTCTTTCTCATTAATGGCATTATGTCA,DEL,1
ACNCCCTGGCTCTGGAAAGACCCTCATTGCTAGAGCTGTTGCTAATGAAACAGGTGCTTTCTTCTTTCTGATTAATGGCCCGGAGATTAATGGCATNATGTCA,INS,1
ACACCCTGGCTCTGGAAAGACCCTCATTGCNAGAGCTGTTGCTAATGAAACAGGTGCTTTCTTCTTTCTGATTAATGGCATTATGTCA,DEL,1
ACCCCCTGGCTCTGGAAAGACCCTCATTGCTAGAGCTGTTGCTAATGANACAGGTGCTTTCTTCTTTCGCATTAATGGCATTATGTCA,DEL,1
ACCCCCTGGCTCTGGAAAGACCCTCATTGCTAGAGCTGTTGCTAATGAAACAGGTGCTTTCTTCTGGTGCATTAATGGNATTATGTCA,DEL,1
ACCCCCTGGCTCTGGAAAGACCCTCATTGCTAGAGCTGTTGCTAATGAAACAGGTGCTTTCTTCTTTCTGNTTAATGGCATTATGTCA,DEL,1
ACCNCCTGGCTCTGGAAAGACCCTCATTGCTAGAGCTGTTGCTAATGAAACAGGTGCTTTCTTCTTTCTGATTAATGGCATTAATGGCATTATGTCA,INS,1
CCCGGAGCCGAGTCGGTGCATTAATGGCATTATGTCA,DEL,1
ACCCCCTGGCNCTGGAAAGACCCTCATTGCTAGAGCTGTTGCTAATGAAACAGGTGCTTTCTTCTTTCTGATTAATGGCATTATGTCA,DEL,1
ACCCCCTGGCTCTGGAAAGACCCTNATTNCTAGAGCTGTTGCTAATGAAACNGGTGCTTTCTTCTTTCTGATTAATGGCCCGGNNNTATNTNN,DEL,1
ACCCCCCTGGCTCTGGAAAGACCCTCATTGCTAGAGCTGTTGCTAATGAAACAGGTGCTTTCTTCTTTCTGATTAATGGCCCGGAGATTATGTCA,INS,1
ACCCCCTGGCTCTGGAAAGACCCTCATTGCTAGAGCTGTTGCTAATGAAACAGGTNCTTTCTTCTNTCTGATTAATGGCCTTATGTCA,DEL,1
ACCCCCTGGCTCTGGAAAGACCCTCATTGCTAGAGCTGTTGCTAATGAAACAGGTGCTTTCTTCTTTCTNATTAATNGCATTATGTCA,DEL,1
ANNCCNTNGCTNTNGAAAGANCNTCANTGCTAGANCNGNTGCTAATNAAANAGGTGCTTTCTTCTTTCTGATTAATNNNATTATGTCA,DEL,1
ANCCCCTGGCTCTGGAAAGACCCTCATTGCTAGAGCTGTTGCTAATGAAACAGGTGCTTTCTTCTTTCTGATTAATGGCATTAATGGCATTATGTCA,INS,1
ACCCCCTGGCTCTGGAAAGACCCTCATTGCTAGAGCTGTTGCTAATGANACAGGTGCTTTCTTCTTTCACATTAATGGCATTATGTCA,DEL,1
ACCCCCTGGCTCTGGAAAGACCCTCATTGCTAGAGCTGTTGCTAATGAAACAGGTGCTTTCTTCTTTCTGATTAATGGCTCTGGATTATGTCA,DEL,1
NCCCCCTGGCTCTGGAAAGACCCTCATTGCTAGAGCTNTTGCTAATGAAACAGGTGCTTTCTTNTTTCTGATTAATGGCNTTATGTCA,DEL,1
ACCCCCTGGCTCTGGAAAGACCCTCATTGCTNGAGCTGTTGCTAATGAAACAGGTGCTTTNTTCTTTCGCATTAATGGCATTATGTCA,DEL,1
ACCCCCTGGCTCTGNAAAGACCCTCATTNCTAGANCTGTTGCTAATGNAACANGTGCTTTCTTCTTTCTGATTAATGNCATTATGTCA,DEL,1
ACCCCACTGGCTCTGGAAAGACCCTCATTGCTAGAGCTGTTGCTAATGAAACAGGTGCTTTCTTCTTTCTGATTAATGGCATTATGTCA,DEL,1
ANNCCCTGGCTCTGGAAAGNCNCTCATTGCTNGAGCTGTTNCTAATGAAANAGGTGCTTTNTTCTTTCTGATTAATGGCATTATGTCA,DEL,1
ACCCCCNGGCTCTGGAAAGACCCTCATTGCTAGAGCTGTTGCTAATGAAACAGGTGCTTTCTTCTGGTGCATTAATGGCATTATGTCA,DEL,1
ACNCCCTGGCTCTGGAAAGACCCTCATTGCTAGAGCTGTTGCTAATGAAACAGGTGNTTTCTTCTTTCTGATTAATGGCATTATGTCA,DEL,1
ACCCNCTGGCTCTGGAAAGACCCTCATTGCTAGAGCTGTTGCTAATGAAACAGGTGCTTTCTTCTTTCTNATTAATGGCATTATGTCA,DEL,1
ACCCCCTGGCTCTGGAAAGACCCTCATTGCTAGAGCTGTTGCTAATGAAACAGGTGCTTTCTTCTTTNTCATTANTGGCATTATGTCA,DEL,1
ACCCCCTGGCTCTGGAAAGACCCACATTGCTAGAGCTGTTGCTAATGAAACAGGTGCTTTCTTCTTTCTGANTAATGGCATTAATGGCATTATGTCA,INS,1
ACCCCCTGGCTCTGGAAAGACCCTCATTGCTAGAGCTGTTGCTAATGAAACAGGTGCTTTCTTCTTTCTCANTAATGGCATTATGTCA,DEL,1
ANCCCCTGGCTCTGGAAAGACCCTCATTGCTAGAGCTGTTGCTAATGAAACAGGTGCTTTCTTCTTTCTCATTAATGGCATTATGTCA,DEL,1
ACCCACTGGCTCTGGAAAGACCCTCATTGCTAGAGCTGTTGCTAATGAAACAGGTGCTTTCTTCTTTCTGATTAATGGCATTATGTCA,DEL,1
ACCCCCTGGCTCTGGAAAGACCCTCATTGCTAGAGCTGTTGCTAATGAAACAGGTGCTTTCTTCCTTNTGCATTAATGGCATTATGTCA,DEL,1
ACCCCCCGGCTCTGGAAAGACCCTCATTGCTAGAGCTGTTGCTAATGAAACAGGTGCTTTCTTCTTTCTGATTAATGGCATTATGTCA,DEL,1
ACCCCCTGGCTCTGGAAAGACCCTCATTGCTAGAGCTGTTGCTAATGAAACAGGTGCTTTCTTCTTTCTCATTAATGGNATTATGTCA,DEL,1
ACCCCCNGGCTCTGGAAAGACCCTCANTGCTAGAGCTGTTGCTAATGAAACAGGTGCTTTCTTCTTTCGCATTAATGGCATTATGTCA,DEL,1
ACCCCCTGGCTCTGGAAAGACCCTCATTGCTAGANCTGTTGCTAATGAAACAGGTGCTTTCTTCTNTCTGATTAATGGCATTATGTCA,DEL,1
ACCCCTGGCTCTGGAAAGACCCTCATTGCTAGAGCTGTTGCTAATGAAACAGGTGCTTTCTTCTTTCTGATTAATGGCCCGGAGATTATGTCA,DEL,1
ACCCCCTGGCTCTGGAAAGACCCTCATTGCNAGAGCTGTTGCTNATGANACAGGTGCTTTCTTCTTTCTGATTAATGGCATTATGTCA,DEL,1
ACCCCCTGGCTCTGGAAAGACCCTCATTGCTAGAGCTGTTGCTAATGAAACNGGTGCTTTCTTCTTTCGCATTAATGGCATTATGTCA,DEL,1
ACCCCCTGGCTCTGGAAAGACCCTCATTGNTAGAGCTGTTNCTAATGAAACAGGTGCTTTNTTCTTTCTGATTAATGGCATTATGTCA,DEL,1
ACCCCCTGGCTCTGGAAAGACACTCATTGCTAGAGCTGTTGCTAATGAAACAGGTGCTTTCTTCTTTCTGATTAATGGCATTATGTCA,DEL,1
ACCCCCTGGCTCTGGAAAGACCCTCATTGCTAGAGCTGTTGCTAATGAAACAGGTGCTTTCTTCTTTCTGATTAATGGCATTAANGGCATTATGTCA,INS,1
ACCCCCTGGCTCTGGAAAGACNCTCATTGCTAGAGCTGTTGCTAATGAAACAGGTGCTTTCTTCTTTCTGATTAATGGCATNATGTCA,DEL,1
ACCCCCNGGCTCTGGAAAGACCCTCATTGCTAGAGCTGTTGCTAATGAAACAGGTGCTTTCTTCTTTCTGATTAATGGCATTATNTCA,DEL,1
ACCCCCNGGCTCTGNAAAGACCCTCATNGCTAGAGCTGTNGCTAATGAAACNGNTGCTTTCTTCTTTCTGATTAATGNCATTANGNCA,DEL,1
ACCCCCTGGCTCTGGAAAGACCCTCATTGCTAGAGCTGTTGCTAATGAAACAGGTGCTTTCTTCTTTCNGATNAATGGCATTATGTCA,DEL,1
ACCCCCTGGCTCTGGAAAGACCCTCATTGCNAGAGCTGTTGCTAATGAAACAGGTGCTTTCTTCTTTCTGATTAATGGCNTTATGTCA,DEL,1
ACCCCCTGGCTCTGGAAAGACCCTCATTGCTAGAGCTGTTGCTAATGAAACAGGTGCTTTCTTCTTTCGCATTANTGGCATTATGTCA,DEL,1
ACCCCCTGGCTCTGGANAGACNCTNATTGCTAGANCTGTTGCTAATGAAACAGGTGCTTTCTTCTTTCTGATTAATGGCCCGGAGATCA,DEL,1
ACCCCCTGGCTCTGGAAAGACCCTCATTGCTAGAGCNGTTGCTAATGAAACAGGTGCTTTCTTCTTTCTGATTAATGGCATTATGTCA,DEL,1
ACCCCCTGGCTCCGGAAAGACCCTCATTGCTAGAGCTGTTGCTAATGAAACAGGTGCTTTCTTCTTTCGCATTAATGGCATTATGTCA,DEL,1
ACCCCCTGGCTCTGGAAAGACCCTCANTGCTAGAGCTGTTGCTAATGAAACAGGTGCTTTCTTCTTTCTGATTAATGGTGCATTAATGGCATTATGTCA,INS,1
ACCCCCNGGCTCTGGAAAGACCCTCATTGCTAGAGCTGTTGCTAATGAAACAGGTGCTTTCTTCTTTCTGATTAATGNCATTATGTCA,DEL,1
ACCCNCTGGCTCTGGAAAGACCNTCATTGCTAGAGCTGTTGCTAATGAAACAGGTGCTTTCTTCTTTCTGCATTNATGGCATTANGTCA,DEL,1
ACCCNCTGGCNCTGGAAAGACCCTCATTGCTAGAGCTNTTGCTAATGAAACAGGTGCTTTCTTCTTTCTGATTAATGGCATTATGTCA,DEL,1
ACCCCCTGGNTCTGGAAAGACCCTCATTGCTAGAGCTGTTGCTAATGAAACAGGTGCTTTCTTCTGGTGCATTAATGGCATTATGTCA,DEL,1
ACCCCCTGGCTCTGGAAAGACCCTCATTGCTAGAGCTGTTNCTAATGAAACAGGTGCTTTCTTCTTTCTCATTAATGGCATTATGTCA,DEL,1
ACCCCCTGGCTCTGGAAAGACCCTCATTNCTAGAGCTGTTGCTAATGAAACANGTGCTTTCTTCTTTCTGATTAATNGNATTATGTCA,DEL,1
ACCCCCTGGCTCTGGAAAGACCCTCATTGCTAGAGCTGTTGCTAATGAAACAGGTGCTTTCTTCTTTCTGATTAATGGCCCGGAGACATTAATGGCANTATGTCA,INS,1
ACCCCCTGGCTCTGNAAAGACCCTCATTGCTAGAGCTGTTGCTAATGAAACAGGTGCTTTCTTCTTTCTGATTAATGGCATTATGTCA,DEL,1
ACCCCCTGGCTCTGGAAAGACCCTCATTGCTAGAGCTGTTGCTAATGAAACAGGTGCTTTCTTCTTTCTGATTAATGGCATTAATGGCATTATNTCA,INS,1
ACCCCCTGNCTCTGGAAAGACCCTCATTGCTAGAGCTGTTGCTAATGAAACAGGTGCTTTCTTCTTTCTCATTAATGGCATTATGTCA,DEL,1
ACCCCCTGGCTCTGGAAAGACCCTCATTGCTAGAGCTGTTGNTAATGAAACAGGTGCTTTCTTCTTNCTGATTAATGGCATTATGTCA,DEL,1
ACCCCCTGGCTNTGGAAAGACCCTCATTGCTAGAGNTGTTGCTAATGAAACAGGTGCTTTCTTCTTTCTGATTAATGGCATTATGTCA,DEL,1
ACCCCCTGGCTCTGGAAAGACCCTCATTGCTAGAGCTGTTGCTAATGNAACAGGTGCTTTCTTCTTTCTGATTAATGGCATTATGTCA,DEL,1
ACCCCCTGGCTCTGGAAAGACCCTCATTGCTAGAGCTGTTGCTAATGAAACANGTGCTTTCTTCTTTCTCATTAATGGCATTATGTCN,DEL,1
ACCCCCTGGCTCTGGAAAGACCCTCATTGCTAGAGCTGTTGCTAATGAAACAGGTGCTTTCTTCTTTCTGCATTAATGGNATTATGTCA,DEL,1
ACCCCCTGGCTCTGGAAAGANCCTCATTNCTAGAGCTGTTGCTAATGAAACAGGTGCTTTCTTCCTTNTGCATTAATGGCATTATGTCA,DEL,1
ACCCCCTGGCTCTGGAAAGACCCTCATTGCTAGAGCTGTTGCTAATGAAACAGGTGCTTTCTTCTTTCTGATTAATGGCCCGGAGAAAAGTGGCACCGAGTCGGTGCATTAATGGCATNATGTNA,INS,1
ACCCCCTNGCTCTGGAAAGANCCTCATTGCTAGAGCTGTTGCTAATGAAACAGGTGCTTTCTTCTTTCTCATTAATGGCATTATGTCA,DEL,1
ACCCCCTGGCTCTNGAAAGACCCTCATTGCTAGAGCTGTTGCTAATGAAACAGGTGCTTTCTTCTTTCNNATTAATNGCATTATGTNA,DEL,1
ACCCCCTGGTTCTGGAAAGACCCTCATTGCTAGAGCTGTTGCTAATGAAACAGGTGCTTTCTTCTTTCTGATTAATGGCATTATGTCA,DEL,1
ACCCCCTGGCTCTGGAAAGACCCNCATTNCTAGAGCTGTTGCTAATGAAACAGGTGCTTTCTTCTTTCGCATTAATGGCATTATGTCA,DEL,1
ACCCCCTGNCTCTGGAAAGACCCTCATTGCTAGAGCTGTTGCTNATGAAACAGGTGCTTTNTTCTTTCTGATTAATGGCATNANGTCA,DEL,1
ACCCCCTGGCTCTGGAAAGACCCTCATTGCTAGAGCTGTTGCTAATGAAACAGGTGCTTTCTTCTTTCTGATTAATGGCCCGGAGATGNCA,DEL,1
ACCCCCTGGCTCTGGAAAGACCCTCATTGCTAGAGCTGTTGCTAANGAAACAGGTGCTTTCTTCTGGTGCATTAATGGCATTATGTCA,DEL,1
ACCCCCTGGCTCTGGAAAGACCCTCATTGCTAGAGCTGTTGCTAATGAAACAGGTNCTTTCTTCTTTCTGATTAATGGCATTATGTCA,DEL,1
ACCCCCTGGCTCNGGAAAGACCCTCATTGCTAGAGCTGTTGCTAATGAAACAGGTGCTTTCTTCTTTCTGATTAATGGCATTATGTCA,DEL,1
ACCCCNTNGCTCTGGAAAGNCCCTCATTGCTAGAGNNGTTGCTAATGANACAGGTGCTTTCTTCTTTNTGATTAATGGCATTATGTCA,DEL,1
ACCCCCTGGCTCTGGAAAGACCCTCATTGCTAGAGCTGTTGCTAATGAAACAGGTNCTTTCTTCTTTCTGGTGCATTAATGGCATTATGTCA,DEL,1
ACCCCCTGGCTCTGGAAAGACCCTCATTGCTAGAGNTGTTGCTAATGAAACAGGTGCTTTCTTCTTTCGCATTAATGGCATTATGTCA,DEL,1
ACCCCCTGGCTCTGGAAAGACCCTCATTGCNAGAGCTGTTNCTAATGAAACAGGTGCTTTCTTCTTTCTGATTAATGGCANTATGTCA,DEL,1
ACCCCCTGGCTCTGGAAAGACCCTCATTGCTAGAGCTGTTGNTAATGAAACAGGTGCTTTCTTCTTTCTNATTAATGGCATTATGTCA,DEL,1
ACCCCCTGGCNCTGGAAAGACCCTCATTGCTAGAGCTGTTGCTAATGAAACAGGTGCTTTCTTCTTTCTCATTAATGGCATTATGTCA,DEL,1
ACCCCCTGGCTCTGGAAAGACCCTCATTGCTAGAGCTGTTGCTAATGAAACAGGTGCTTTCTTCTTTCTGATTAATGGCATTAATGNCATTATGTCA,INS,1
ACCCCNTGGCTCTGGAAAGACCCTCATTGCTAGAGNTGTTNCTAATGAAACAGGTGCTTTCTTCTTTCTGATTAATGGCATTATGTCA,DEL,1
ACCCCCTGGCTCTGGAAAGACCCTCATTGCTAGAGCTGTTGCTAATGAAACAGGTGCTTTCTTCTTTCTNATTAATGGCATTATGTCA,DEL,1
ACCCCCTGGCTCTGGAAAGACCCTCATTGCTAGTGCTGTTGCTAATGAAACAGGTGCTTTCTTCTTTCTGATTAATGGCATTATGTCA,DEL,1
ACCCCCTGGCTCTGGAAAGACCCTCATTGCTAGAGCTGTTGCTAATGAAACAGGTGNTTTCTTCTTTCGCATTAATGGCATTANGTCA,DEL,1
ACCCCCTGGCTCTGGAAAGACCCTCATTGCTAGAGCTGTTGCTAATGAAACAGGTGCTNTCTTCTTTCTCNTTAATGGCATTANGTCA,DEL,1
ACCCCCTGGCTCTGGAAAGNCCCTCATTGCTAGAGCTGTTGCTAATGAAACAGGTGCTTTCTTCTTTCTGATTAATGGNATTATGTCA,DEL,1
ACCCCCTGGCTCTGGAAAGACCCTCATTGCTAGANCTGTTGCTAATGAAACANGTGCTTTCTTCTTTCTCATTAATGGCATTATGTCA,DEL,1
ACCCACTGGCTCTGGAAAGACCCTCATTGCTAGAGCTGTTGCTAATGAAACAGGTGCTTTNTTCTTTCTGATTAATGGCATTATGTCA,DEL,1
ACACCCTGGCTCTGGAAAGACCCTCATTNCTAGAGCTGTTGCTAATGAAACAGGTGCTTTCTTCTTTCTGATTAATGGCATTATGTCA,DEL,1
ACCCNCTGGCTCTGGAAAGACCCTCATTGCTAGAGCTGTTGCTAATGAAACAGGTGCTTTCTTCTTTCTGANTAATGGCATTATGTCA,DEL,1
ACCCCNTGGNTCTGGAAAGACNCTCATTGCTNGANNTGTTGCTAATGAAACAGGTGCTTTCTTCTTTCTGATTAATGGCATTATGTCA,DEL,1
ACCCCCNGGCTCTGGAAAGACCCTCATTGCTAGAGCTGTTGCTAATGAAACAGGTGCTTTCTTCTTTCGCATTAATGGCATTATGTCA,DEL,1
NCCCCCTGGCTCTGGAAAGACCCTCATTGCTAGAGCTGTTGCTAATGAAACAGGTGCTTTCTTCTTTCTGATTAATGGCATTATGTCA,DEL,1
ACCCCCNGGCTCTGGAAAGACCCTCATTGCTAGAGCTGTTGCTAATGAAACAGGTGCTTTCTTCTTTCTGCATTAATGGCATTATGTCA,DEL,1
ACCCCCAGGCTCTGGAAAGACCCTCATTGCTAGAGCTGTTGCTAATGAAACANGTGCTTTCTTCTTTCTGATTAATGGCATTATGTCA,DEL,1
ANCCCCTGGCTCTGGAAAGACTCTCATTGCTAGAGCTGTTGCTAATGAAACAGGTGCTTTCTTCTTTCTGATTAATGGCCCGGAGGGTGCATTAATGGCATTATGTCA,INS,1
ACCCCCTGGCTCTGGAAAGACCCTCATTGCTAGAGCTGTTNCTAATGAAACNNGTGCTTTCTTCTTTCTGATTAATGGCATTATGTCA,DEL,1
ACCCCCTGGCTCTGGAAAGACCCTCATTGCTAGAGCTGTTGCTAATGAAACNGGTGCTTTCNTCTTTCTGATTAATGGCATTATGTCA,DEL,1
ACCCCCTGGCTCTGNAAAGACCNTCATTGCTAGAGCTGTTGCTAATGAAACAGGTGCTTTCTTCTTTCTTATAATTAATGGCATTATGTCA,DEL,1
ACCCCCTGGCTCTGGAAAGACCCTCATTGCTAGAGCTGTTGCTAATGAAACAGGTGCTTTCTTCTTTCTGATTAANGGCATTATNTCA,DEL,1
ACCCCCTGGCTNTNGAAAGACCCTCATTGCTAGAGCTGTTGCTAANNAAACAGNTGCTTTCTTCTTTNTGATTAATGGCATTATGTCA,DEL,1
ACCCCCNGGCTCTGGAAAGACCCTCATTGCTAGAGCTGTTGCTAATGAAACAGGTGCTTTCTTCTTTNTNATTAATGGCATTATNTCA,DEL,1
ACCCCCTGGCTCTGGAAAGACCCTCATTGCTAGAGCTGTTGCTAATGAAACAGGTGCTTTCTTCCTTCTGATTAATGGCATTATGTCA,DEL,1
ACCCCCTGGCTCTGGAAAGACCCTCANTGCTAGAGCTGTTGCTAATGAAACAGGTGCTTTCTTCTCGGTGCATTAATGGCCCGGAGATTATGTCN,INS,1
ACCCCCTGGCNNTGGAAAGACCCTCATTGCTAGAGCTGTTGCTAATGAAACAGGTGCTTTCTTCTTTCTGATTAATGGCCCGGAGGCATTAATGGCATTATGTCA,INS,1
ACCCCCTGGCTCTGGAAAGACCCTCATTGCTAGAGCTGTTGCTAATGAAACAGGTGCTTTCTTTTTTTTTGACATTAATGGCCCGGAGATTATGTCA,INS,1
ACCCCCTGGCTCTGGAAAGACCCTCATTGCTAGAGCTGTTGCTAATGAAACAGGTGCTTTCTTCTTTCTGGCGCATTAATGGCATTATGTCA,DEL,1
ACCCCCTGGCTCTGGAAAGACCCTCATTGCTANAGCTGTTGCTAATGAAACAGGTGCTTTCTTCTCGGTGCATTAATGGCATTATGTCA,DEL,1
ACCCCCTGGCTCTGGAAAGACCCTCATTGCTAGAGCTGTTGCTAATGAAACAGNTGCTTTCTTCTTTCTGATTAATNGCATTATNTCA,DEL,1
ACCCCCCTGGCTCTGGAAAGACCCTCATTGCTAGAGCTGTTGCTAATGAAACAGGTGNTTTCTTCTTTCTGATTAATGGCCCGGAGATTATGTCA,INS,1
ACCCCCTGGCTCTGGAAAGACCCTCATTGCTAGAGCTGTTGCTAATGAAACAGGTGCTTTCTTCTTTCTGATTAATGGCCCGGAGANTAATGGCATTATGTCA,INS,1
ACCCCCTGGCTCTGGAAAGACCCTCATTGCTAGAGCTGTTGCTAATGAAACAGGNGCTTTCTTCTTTCTGATTAATGGCATNATGTCA,DEL,1
ACCCCCTGGCTCTGGAAAGACCCTCATTGCTAGAGCTGTTGCTAATGAAACTGGTGCTNTCTTCTTTCTGATTAATGGCATTATGTCA,DEL,1
ACCCCCTGGCTCTGGAAAGACCCTCATTGCTAGAGCTGTTGCTAATGAAACAGGTGCTTTCTTCTTTCTGATTAATGGCCCGGAGACCATTATGTCA,INS,1
ACCCCCTGGCTCTGGAAAGACCCTCATTGCTAGAGCTGTTGCTAATGAAACAGGTGCTTTCTTCTTTCTGATTAATGNCATTATNTCA,DEL,1
ACCCCCTGGCTCTGGANAGACCCTCANTGNTAGAGCTGTTNCTAATGAAACAGGTNCTTTCTTCTTTCTGATTAATGGCNTTATGTCN,DEL,1
ACCCCCTNNCNCTGGAAAGACCCNNATTGCTAGAGCTGTTGCTAATGAAACANGTGCTTTCTTCTTTCTGATTAATGGCATTATGTNA,DEL,1
ACCNCCTGGCTCTGGAAAGACCCTCATTGCTAGAGCTGTTGCTAATGAAACAGGTGCTTTCTTCTTTCTGATTAATGGCCCGGAGANTAATGGCANTATGTCA,INS,1
ACCCCCTGGCTCTGGAAAGACCCTCATTGCTAGAGCTGTTGCTAANGAAACAGGTGCTTTCTTCTTTCGCATTAATGGCATTATGTCA,DEL,1
ACCCCCTGGCTCTGGAAAGACCCTCATTACTAGAGCTGTTGCTAATGAAACAGGTGCTTTCTTCTTTCGCATTAATGGCATTATGTCA,DEL,1
ANCCCCTGGCNCTGGAAAGACCCTCATTGCTAGAGCTGTTGCTAATGAAACAGGTGCTTTCTTCTTTCTGATTAATGGCCCGGAGGGTGCATTAATGGCATTATGTCA,INS,1
ACCCCCTGGCTCTNGAAAGNCCCTCATTGCTAGAGCTGTTGCTAATGAAACAGGTGCTTTCTTCTTTCTGATTAATGGCANTATGTCA,DEL,1
ACCCCCTGGCTCTGGAAAGACCCTCATTGCTAGAGCTGTTGCTAATGTAACAGGTGCTTTCTTCTTTCTGATTAATGGCATTATGTCA,DEL,1
ACCCCCTGGCTCTGGAAAGACCCTCATTGNTAGAGCTGTTGCTAATGAAACAGGTGCTTTCTTCTTTCTCATTAATGGCATTATGTCA,DEL,1
ACCCCCTGGCTCTGGAAAGACCCTCATTGCTAGAGCTGTTGCTAATGNAACAGGTGCTTTCTTCTGGTGNATTAATGGCATTATGTCA,DEL,1
ACCCCCTGGCTCTGGAAAGACCCTCATTGCTAGAGCTGTTGCTAATGAAACAGGTGCTTTCTTCTTTCTGATTAATGGCCCGGAGATGCCA,DEL,1
ACCCCCTGGCTCTGGAAAGACCCTCATTGCTAGAGCTGTCATTGCTAGAGCTGTTGCTAATGAAACAGGTGCTTTCTTCTTTCTGATTAATGGCCCGGAGANNANNNCA,INS,1
ACCCCCTGGCTCTGGAAAGACCCTCATTGCTAGAGCTGTTGCTAATGAAACAGGTGCTTTCTTCTTTCTGATTAANGGCATTATGTCN,DEL,1
ACCCCCTGGCTCTGGAAAGACCCTCATTGCTAGAGCTGTTGCTGATGAAACAGGTGCTTTCTTCTTTCTCATTAATGGCATTATGTCA,DEL,1
ACCCCCNGGCTCTGGAAAGACCCTCATTGCTAGAGCTGTTGCTAATGAAACAGGTGCTTTCTTCCTTTTGCATTAATGGCATTATGTCA,DEL,1
ACCCCCTGGCTCTGGAAAGACCCTCATTGCTAGAGCTGTTGCTAATGAAACAGGTGCTTTCTTCTTTCTGATTAATGGCCTTANGTCA,DEL,1
ACCCCCTGGCTCNGGAAAGACCCNCANTGCTAGAGCTGTTGCTAATGAAACAGGTGCTTTCTTCTTTCTCATTAATGGCATTATGTCA,DEL,1
ACCCCCTGGCTCTGGAAAGACCCTCATTGCTAGAGCTGTTGCTAATGNAACAGGTGCTTTCTTCTTTCTCATTAATGGCATTATGTCA,DEL,1
ANCCCCTGGCTCTGGAAAGACCCTCATTGCTAGAGCTGTTGCTAATGAAACAGGTGCTTTNTTNTTTNTNATTAATGGCATNATGTCA,DEL,1
ACCCNCTGGCTCTGGAAAGACCCTCATTGCTAGAGCTGTTGCTAATGAAACAGGTGCTTTCTTCTTTCTGATTAATGGCCCGGAGGCATTAATGGCATTATGTCA,INS,1
ACACCCTGNCTCTGGAAAGACCCTCATTGCTAGAGCTGTTGCTAATGAAACAGGTGCTTTCTTCTTTCTNATTAATGNCATTATGTCA,DEL,1
ACCCCCTGGCTCTGGAAAGACCCTCATTGCTAGAGNTGTTGNTANTNAAACAGGTGCTTTNTTCTTTCTGATTAATGGCATTATGTCA,DEL,1
ACCCCCTGGCTCTGGAAAGACCCTCATTGCTAGAGCTGTTGCTAATGAAACAGNTGCTTTCTTCTTTCTGATTAATGGNATTATGTCA,DEL,1
ACCCCCTGGCTCTGGAAAGACCCTCATTGCTAGAGCTGTTGCTAATGAAACAGGTGCTNTCTTCTTTCTGATTAATGGCANTNNGTCA,DEL,1
ACNCCCTGGCTCTGGAAAGACCCTCATTGCTAGAGCTGTTGCTAATGNAACAGGTGCTTTCTTCTTTCTGATTAATGGCATTATGTCA,DEL,1
ACCCCCTGGCTCTGGAAAGACCCTCATTNCTAGAGCTGTTGCTAATGAANCAGGTGCTTTCTTCTTTCGCATTAATGGCATTATGTCA,DEL,1
ACCCCCTGGCTCTGGAAAGACNCTCATTGCTAGAGCTGTTGCTAATGAAACAGGTGCTTTCTTNTTTCTCATTAATGGCATTATGTCA,DEL,1
ACCCCCTGGCTCTGGAAAGACCCTCATTGCTAGAGCTGTTGCTAATGAAACAGGTGCTTTCTTCTTTCTCATTAATNGCATTATGTCA,DEL,1
ACCCCCNGGCTCTGGAAAGACCCTCATTGCTAGAGCTGTTGCTAATGAAACAGGTGCTTTCTTCTTTCTGATTAATGGCCCGGAGATTAATGGCATTATGTCA,INS,1
ACCCCCTGGCTCTGGAAAGACCCTCATTGCTAGAGCTGTTGCTAATGAAACAGGTGCTTTCTTCTTTCTCANTAATGGCATTATGTCN,DEL,1
ACCCCCTGGCTCTGGAAAGACCCTCATTNCTAGAGCTGTTGCTAATGAAACAGGTGCTTTCTTCTTTCTGATTAATGGTGCATTAATGGCATTATGTCA,INS,1
ACCCCCTGGCTCTGGAAAGACCCTCATTGCTAGAGCTGTTGCTAATGAAACAGGTGCTTTCTTCTTTCTCATTAATGGCATTATGTCN,DEL,1
ACCCCCTGGCTCTGGAAAGACCCTCATTGCTAGAGCTGTTGCTAANGAAACAGGTGCTTTCTTCTTTCTGATTAATGGCNTTATGTCA,DEL,1
ACCCCCNGGCTCTGGAAAGACCCTCATTGCTAGAGCTGTTGCTAATGAAACAGGTGCTTTCTTCTTTCTGATTAATGGCCCGGAGGCATTAATGGCATTATGTCA,INS,1
ACCCCCTGGCTCTGGAAAGACCCTTATTGCTAGAGCTGTTGCTAATGAAACAGGTGCTTTCTTCTTTCTGATTAATGGCATTATGTCA,DEL,1
ACCCCCTGGCTCTGGAAAGACCCTCATTGCTAGAGCTGTTGCTAATGAAACAGGTGCTTTCTTCTTTCTGATTAATGGCATTATATCA,DEL,1
ACCCCCTGGCTCTGGAAAAACCCTCATTGCTAGAGCTGTTGCTAATGAAACAGGTGCTTTCTTCTTTCTCATTAATGGCATTATGTCA,DEL,1
ACCCCCTGGCTCTGGAAAGNCCCTCATTGCTAGAGCTGTTGCTAATGAAACAGGTGCTTTCTTCTTTCGCATTNATGGCATTATGTCA,DEL,1
ACCCCCTGGCTCTGGAAAGACCCTCATTGCTAGAGCTGTTGCTAATGAAACAGGTGCTTTCTTCTTTCTGATTAATGNCATTNTGTCA,DEL,1
ACCCCCTGGCTCTGGAAAGACCCTCATTGCTAGAGCTGTTGCTAATGAAACAGGTGCTTTCTTCTTTCTGATTAATGGCCNTATGTCA,DEL,1
ANNCNCTGGCTCTGGAAAGACNNTCATTGCTAGAGCTGTTGCTAATGAAANANGTNCTTTCTTNTTTCTGANTAATNGCATTATGTCN,DEL,1
ACCCCCTGGCTCTGGAAAGACCCTCATTGCTAGAGCTGTTGCTAATGAAACAGGTGCTNTCTTCTTTCTGATTAATGGCNTTATGTCA,DEL,1
ACCCNCTGGCTCTGGAAAGACCCTCATTGCTAGAGCTGTTGCTAATGAAACAGGTGCTTTCTTCTTTCTGATTAATGGTGCATTAATGGCATTATGTCA,INS,1
ACCCCTGGCTCTGGAAAGACCCTCATTGCTAGAGCTGTTGCTAATGAAACAGGTGCTTTCTTCTTTCTGATTAATGGCATTATGTCA,DEL,1
ACCCCCTGGCTCTGGAAAGACCCTCATTGCTAGAGCTGTTGCTAATGAAACAGGTGCTTTCTTNTTTNTGATTAATGGCANTATGTCA,DEL,1
ACCCCCTGGCTCTGGAAAGACCCTCATTGCTAGAGCTGTTGCTAATGANACAGGTGCTTTCTTCTTTCTGATTAATGGCATTATGTCA,DEL,1
ACCCCCTGGCTCTGGAAAGACCCTCATTGCTAGAGCTGTTGCTAATGAAACAGGTGCTTTCTTCTTTCTGATTAACGGCATTATGTCA,DEL,1
ACCCCCTGGCTCTGGAAAGACCCTCATTGCTAGANCTGTTGCTAATGAAACAGGTGCTTTNTTCTTGGTGCATTAATGGCATTATGTCA,DEL,1
ACCCCCTGGCTCTGGAAAGANCCTCATTGCTAGAGCTGTTGCTAATGAAACAGGTGCTTTCTTCTTTCTCATTAATGGCATTATGTCA,DEL,1
ACCCCCTGGCTCNGGAAAGACCCTCATTGCTAGAGCTGTTGCTAATGAAACAGGTGCTTTCTTCTTTCTCATTAATGGCATTATGTCA,DEL,1
ACCCCCTGGCTCTGGAAAGACCCTCATTGCTAGAGCTGTTGCTAATGAAACNGGTGCTTTCTTCTTTCTGATTAATGGCCCGGAGATCA,DEL,1
ACCCCCTGGCTCTGGAAAGACCCTCATTGCTAGAGCTGTTGCTAATGAAACAGGTGCTTTCTTCTTTCTGATTAATGGCCCGGAGGGTGCATTAATGGCATTATGTCN,INS,1
ACCCCCTGGCTCTGGAAAGACCCTCATTGCTAGAGCTGTTGCTAATGAAACAGGTGCTTTCTTCTTTCTGATTAATGGCNTTATGTCN,DEL,1
NCCCCCTGGCTCTGGAAAGACCCTCATTGCTAGAGCTGTTGCTAATGAAACAGGTGCTTTCTTCTTTCTGATTTCTGGTGCATTAATGNCATTATGTCA,INS,1
ACCNNCTGGCTCTGGAAAGACCCNCATTGCTAGAGCTGTTGCTAATGAAACAGGTGCTTTCTTCTTTCTGATTAATGGTGCATTAATNGCATTATGTCA,INS,1
ACCCCCTNGCTCTGGAAAGACCCTCATTGCTAGAGCTGTTGCTAATGAAACAGGTGCTTTCTTCTTTCTCATTAATGGCATTATGTCA,DEL,1
ACCCCNTGGCTCTGGAAAGACCCTCATTGCTAGAGCTGTTGCTAATGAAACAGGTGCTTTCTTCTTTCTGATTAATGGCANTATGTCA,DEL,1
ACNCCCTGGCTCTGGAAAGACCCTCATTGCTAGAGCTGTTGCTAATGAAACAGGTGCTTTCTTCTTTCTGATTAATGGTGCATTAATGGCATTATGTCA,INS,1
ACCCCCTGGCTNTGGAAAGACCCTCATTGCTAGAGCTGTTGCTAATGAAACAGGTGCTTTCTTCTTGGTGCATTAATGGCATTATGTCA,DEL,1
ACCCCCTGGCTCTGGAAAAACCCTCATTGCTAGAGCTGTTGCTAATGAAACAGGTGCTTTCTTCTTTCTGCATTAATGGCATTATGTCA,DEL,1
ACCCCCTGGCTCTGGAAAGACCCTCATTGCTAGAGCTGTTGCTAATGAAACAGGTGTTTTCTTCTTTCTCATTAATGGCATTATGTCA,DEL,1
ANNCCCTGGCTCTGGNNAGACCCTCATTGCNAGAGNTGNTGCTAATGAAACAGGTGNTTTCTTCTTTCTNATTAATGGCATTATGTCA,DEL,1
ACCCCCTGGCTCTGGANAGACCCTCATTGCTAGAGCTGTTGCTAATGAAACAGGTGCTTTCTTCTTTCTCATTAATGGCATTATGTCA,DEL,1
ACCCCCTGGCTCTGGAAAGACCCTCNTTGCTAGAGCTGTTGCTAATGAAACAGGTGCTTTCTTCTTTCTCATTAATGGCATTATGTCA,DEL,1
ACCCCCTGGCTCTGGAAAGNCCCTCATTGCTAGAGCTGTTGCTAATGAAACAGGTGCTTTCTTCTTTCGCATTAATNGCATTATGTCA,DEL,1
ACCCCCTGGCTCTGGAAAGACCCTCATTGCTAGAGCTGTTGCTAATGAAACAGGTGCTTTCTTCTTTCTGGTGCTGTTGCTAAATTATGTCA,DEL,1
ACCCCCTNGCTCTGGAAAGACCCTCATTGCTAGAGCTGTTGCTAATGAAACAGGTGCTTTCTTCTTTCTGATTAATGNCATTATGTNA,DEL,1
ACCCCCTTGCTCTGGAAAGACCCTCATTGCTAGAGCTGTTGCTNATGAAACAGGTGCTTTCTTCTTTCGCATTAATGGCATTATGTCA,DEL,1
ACCCCCTGGCTCTGGAAAGACCCTCATTGCTAGAGCTGTTGCTAATGAAACAGGTGCTTCCTTCNGTCGGTGCATTAATGGCATTATGTCA,DEL,1
ACCCCCTGGCTCTGGAAAGACCCTCATTGCTAGAGCTGTTGCTAATGAAACAGGTGCTTTCCTCTTTCTCATTAATGGCATTATGTCA,DEL,1
ACCCCCTGGCTCNGGAAAGACCCTCATTGCTAGAGCTGTTGCTAATGAAACAGGTGCTTTCTTCTTTCTTATAATTAATGGCATTATGTCA,DEL,1
ACCCCCTGGCTCTGGAAAGACCCTCATTGNTAGAGCTGTTGCTAATGAAACAGGTGCTTTCTTCTTTCGCATTAATGGCATTATGTCA,DEL,1
ACCCCCTGGCTCTGGAAAGACCCTCATTGCTAGAGCTGTTGCTNATGAAACAGGTNCNTTCTTCTTTCNCATTAATGGCATTATGTCA,DEL,1
ACCCCCTGGCTCTGGAAAGACCCTCATTGCTAGAGCTGTTGCTAATGAAACAGGTGCTTTCTTCTTTCTGATTAATGGCANNATGTCA,DEL,1
ACCCCCTGGCTCTGGAAAGACCCNCATTGCTAGAGCTGTTGCTAATGAAACAGNTGCTTTCTTCTTTCTGATTAATGGCATTATGTCA,DEL,1
ACCCCCTGGCTCTGGAAAGACCCTCATTGCTAGAGCTGTTGCTAATGAAACAGGTGCTTTCTTCTNTCTGATTAATGGCATNATGTCA,DEL,1
ACCCCCTGGCTCTGGAAAGNCCCTCATTGCTAGAGCTGTTGCTAATGAAACAGGTGCTTTCTTCTTTCGCATTAATGGCATTATGTCA,DEL,1
ACCCCCTGGCTCTGGAAAGACCCTCATTGCTAGAGCTGTTGCTAATNAAACAGGTGCTTTCTTCTTTCTGATTAATGNCATTANGTCA,DEL,1
ACCCCCTGGCTCTGGAAAGACCCTCATTGCTAGAGCTGTTGCTAATNAAACAGGTGCTTTCTTCTTTCTGATTAATGGCATTATNTCA,DEL,1
ACCCCCTGNCTCTGGAAAGACCCTCATTGCTAGAGCTGTTGCTAATGAAACAGGTGNTTTCTTCTTTCTGATTAATGGCATTATGTCA,DEL,1
ACCCCCTGGCTCTGGAAAGACCCTCATTGCTAGAGCTGTTGCTAATGAAACAGGTGCTTTCTTCTTTCTCATTAATGGCNTTATGTCA,DEL,1
ACCCCCTGGCTCTGGAAAGACNCTCATTGNTAGAGCTGTTGCTAATNAAACAGGTGCTTTCTTCTTTCTNATTAATGGCATTATGTCA,DEL,1
ACCCCCTGGCTCTGGAAAGANCCTCATTGCTANAGCTGTTGCTAATGAAACAGGTGCTTTCTTCTTTCTGATTAATGGCATTATGTCA,DEL,1
ACCCCCTGGCTCTGGAAAGACCCTCATTGCTAGAGCTGTTGCTAATGAAACAGGTGCTTTCTTCTTTCGCATTAATGGCANTATGTCA,DEL,1
ACCCCCTGGCTCTGGAAAGACCCTCATTGCTAGAGCTNTTGCTAATGAAACAGGTGCTTTCTTCTTTCTGATTAATGNCATTATGTCA,DEL,1
